ObservationURI,ObservationName,Label,RelatedSampleURI,OtherID,SampleDepth,MeasurementUnits,SiteLocationURI,SiteLocationName,LocalityTerms,County,State,LatDegreeWGS84,LongDegreeWGS84,SRS,LocationUncertaintyStatement,SampleCollectionDate,SampleMeasurementDate,SampleType,SampleShape,SampleDimensionsHeight,SampleDimensionsWidth,SampleDimensionsLength,SampleDimensionsUnits,SampleDensity,UncertaintyDensity,SampleDensityUnits,Laboratory,MeasurementDevice,MeasurementProcedure,MeasurementPressure,MeasurementPressureUnits,SampleTemperature,SampleTemperatureUnits,MeasurementDuration,MeasurementDirection,MeasurementRun,BulkMixingFormula,SaturationFluid,SaturatedSampleConductivity,DrySampleConductivity,AverageThermalConductivity,UncertaintyTC,CorrectionTC,CorrectionDescription,UnitsTC,SpecificHeat,UncertaintySpecificHeat,SpecificHeatUnits,ThermalDiffusivity,UncertaintyThermalDiffusivity,UnitsThermalDiffusivity,GeologicFormationName,GeologicFormationURI,GeologicFormationType,DatumElevation,Elevation,Permeability,UnitsPermeability,Porosity,Notes,MetadataURI,Source
1985-14 180.5-181.5,1985-14,1985-14 180.5-181.5,,,180.5,meters,,,,Todd,MN,45.78,-94.7,,,,2011,Drill Hole,Cylinder,20.7,0.772,,,,,,U. North Dakota,PEDB,PEDB Routine,,,25,Deg C,,,,,,3.01,,,,,,,,,,,,,Unnamed,,Granite,,,,,,,,
1985-2 288.5-290,1985-2,1985-2 288.5-290,,,288.5,meters,,,,Cass,MN,46.57,-94.63,,,,2011,Drill Hole,Cylinder,,,,,,,,U. North Dakota,PEDB,PEDB Routine,,,25,Deg C,,,,,,2.93,,,,,,,,,,,,,Unnamed,,Diorite,,,,,,,,
1985-3 473-474,1985-3,1985-3 473-474,,,473,meters,,,,Wadena,MN,46.52,-95,,,,2011,Drill Hole,Cylinder,,,,,,,,U. North Dakota,PEDB,PEDB Routine,,,25,Deg C,,,,,,2.12,,,,,,,,,,,,,Unnamed,,Granite,,,,,,,,
1985-4 330-331.5,1985-4,1985-4 330-331.5,,,330,meters,,,,Wadena,MN,46.49,-95.07,,,,2011,Drill Hole,Cylinder,20.69,0.865,,,,,,U. North Dakota,PEDB,PEDB Routine,,,25,Deg C,,,,,,1.79,,,,,,,,,,,,,Unnamed,,Brecciated Leucotonalite,,,,,,,,
1985-5 262.5-263.5,1985-5,1985-5 262.5-263.5,,,262.5,meters,,,,Todd,MN,46.18,-95.07,,,,2011,Drill Hole,Cylinder,,,,,,,,U. North Dakota,PEDB,PEDB Routine,,,25,Deg C,,,,,,2.65,,,,,,,,,,,,,Unnamed,,Metamorphosed Hornblende Tonalite/Diorite,,,,,,,,
1985-8 179.5-180.5,1985-8,1985-8 179.5-180.5,,,179.5,meters,,,,Douglas,MN,46.02,-95.28,,,,2011,Drill Hole,Cylinder,18.01,0.787,,,,,,U. North Dakota,PEDB,PEDB Routine,,,25,Deg C,,,,,,2.57,,,,,,,,,,,,,Unnamed,,Biotite Hornblende Granodiorite,,,,,,,,
1985-9 303.5-305,1985-9,1985-9 303.5-305,,,303.5,meters,,,,Douglas,MN,45.94,-95.21,,,,2011,Drill Hole,Cylinder,,,,,,,,U. North Dakota,PEDB,PEDB Routine,,,25,Deg C,,,,,,2.51,,,,,,,,,,,,,Unnamed,,Gneissic Biotite Hornblende Tonalite,,,,,,,,
1986-11 287-288,1986-11,1986-11 287-288,,,287,meters,,,,Lake of the Woods,MN,48.61,-94.65,,,,2011,Drill Hole,Cylinder,,,,,,,,U. North Dakota,PEDB,PEDB Routine,,,25,Deg C,,,,,,1.6,,,,,,,,,,,,,Baudette Intrusion,,Porphoryritc Syenite,,,,,,,,
1986-16 307.5-308.5,1986-16,1986-16 307.5-308.5,,,307.5,meters,,,,Lake of the Woods,MN,48.63,-94.95,,,,2011,Drill Hole,Cylinder,,,,,,,,U. North Dakota,PEDB,PEDB Routine,,,25,Deg C,,,,,,2.88,,,,,,,,,,,,,Baudette Intrusion,,Gneissic Tonalite,,,,,,,,
1986-20 178-178.5,1986-20,1986-20 178-178.5,,,178,meters,,,,Roseau,MN,48.72,-95.13,,,,2011,Drill Hole,Cylinder,19.9,1.185,,,,,,U. North Dakota,PEDB,PEDB Routine,,,25,Deg C,,,,,,2.68,,,,,,,,,,,,,Unnamed,,Granodiorite,,,,,,,,
1986-2A 144-144.6,1986-2A,1986-2A 144-144.6,,,144,meters,,,,Koochiching,MN,48.48,-94.23,,,,2011,Drill Hole,Cylinder,21.8,1.166,,,,,,U. North Dakota,PEDB,PEDB Routine,,,25,Deg C,,,,,,3.57,,,,,,,,,,,,,Unnamed,,Granodiorite,,,,,,,,
27004 283-286,27004,27004 283-286,,,283,meters,,,,Stevens,MN,45.52,-95.99,,,,2011,Drill Hole,Cylinder,,,,,,,,U. North Dakota,PEDB,PEDB Routine,,,25,Deg C,,,,,,,,,,,,,,,,,,,Unnamed,,Biotite Gneiss,,,,,,,,
27005 221-224,27005,27005 221-224,,,221,meters,,,,Stevens,MN,45.62,-95.91,,,,2011,Drill Hole,Cylinder,,,,,,,,U. North Dakota,PEDB,PEDB Routine,,,25,Deg C,,,,,,2.27,,,,,,,,,,,,,Unnamed,,Foliate Biotite Granite,,,,,,,,
27007 309-311.5,27007,27007 309-311.5,,,309,meters,,,,Big Stone,MN,45.24,-96.12,,,,2011,Drill Hole,Cylinder,,,,,,,,U. North Dakota,PEDB,PEDB Routine,,,25,Deg C,,,,,,3.26,,,,,,,,,,,,,Ortonville Granite,,Granite,,,,,,,,
27008 378-381,27008,27008 378-381,,,378,meters,,,,Pope,MN,45.41,-95.72,,,,2011,Drill Hole,Cylinder,,,,,,,,U. North Dakota,PEDB,PEDB Routine,,,25,Deg C,,,,,,1.89,,,,,,,,,,,,,Unnamed,,Tonalitic Gneiss,,,,,,,,
27009 220-223,27009,27009 220-223,,,220,meters,,,,Pope,MN,45.53,-95.58,,,,2011,Drill Hole,Cylinder,,,,,,,,U. North Dakota,PEDB,PEDB Routine,,,25,Deg C,,,,,,2.15,,,,,,,,,,,,,Unnamed,,Tonalitic Gneiss,,,,,,,,
27011 436-434,27011,27011 436-434,,,436,meters,,,,Sterns,MN,45.5,-94.57,,,,2011,Drill Hole,Cylinder,16.18,1.816,,,,,,U. North Dakota,PEDB,PEDB Routine,,,25,Deg C,,,,,,2.35,,,,,,,,,,,,,Unnamed,,Biotite Hornblende Granite,,,,,,,,
97-3 365-367,97-3,97-3 365-367,,,365,meters,,,,Aitkin,MN,46.36,-93.75,,,,2011,Drill Hole,Cylinder,,,,,,,,U. North Dakota,PEDB,PEDB Routine,,,25,Deg C,,,,,,3.32,,,,,,,,,,,,,Mille Lacs Lake Granite,,Granite,,,,,,,,
AB-10 90-92,AB-10,AB-10 90-92,,,90,meters,,,,Aitkin,MN,46.33,-93.14,,,,2011,Drill Hole,Cylinder,,,,,,,,U. North Dakota,PEDB,PEDB Routine,,,25,Deg C,,,,,,1.67,,,,,,,,,,,,,McGrath Gneiss,,Granitic Augen Gneiss,,,,,,,,
BB-11 284-28,BB-11,BB-11 284-28,,,284,meters,,,,Koochiching,MN,47.9,-94.37,,,,2011,Drill Hole,Cylinder,,,,,,,,U. North Dakota,PEDB,PEDB Routine,,,25,Deg C,,,,,,2.93,,,,,,,,,,,,,Unnamed,,Chloritized Diorite,,,,,,,,
BB-3 152-156,BB-3,BB-3 152-156,,,152,meters,,,,Koochiching,MN,47.87,-94.25,,,,2011,Drill Hole,Cylinder,14.36,1.418,,,,,,U. North Dakota,PEDB,PEDB Routine,,,25,Deg C,,,,,,1.47,,,,,,,,,,,,,Unnamed,,Granodiorite,,,,,,,,
BB-6 208-210,BB-6,BB-6 208-210,,,208,meters,,,,Koochiching,MN,47.94,-94.18,,,,2011,Drill Hole,Cylinder,18.77,2.073,,,,,,U. North Dakota,PEDB,PEDB Routine,,,25,Deg C,,,,,,1.89,,,,,,,,,,,,,Unnamed,,Granodiorite,,,,,,,,
BB-8 221-227,BB-8,BB-8 221-227,,,221,meters,,,,Koochiching,MN,47.92,-94.19,,,,2011,Drill Hole,Cylinder,,,,,,,,U. North Dakota,PEDB,PEDB Routine,,,25,Deg C,,,,,,,,,,,,,,,,,,,Unnamed,,Foliated Monzonite,,,,,,,,
BKU-81-1 800-803,BKU-81-1,BKU-81-1 800-803,,,800,meters,,,,Meeker,MN,45.04,-94.54,,,,2011,Drill Hole,Cylinder,,,,,,,,U. North Dakota,PEDB,PEDB Routine,,,25,Deg C,,,,,,1.98,,,,,,,,,,,,,Rockville Granite,,Diorite,,,,,,,,
BO-1 1550-1553,BO-1,BO-1 1550-1553,,,1550,meters,,,,Filmore,MN,43.53,-91.78,,,,2011,Drill Hole,Cylinder,,,,,,,,U. North Dakota,PEDB,PEDB Routine,,,25,Deg C,,,,,,1.94,,,,,,,,,,,,,Unnamed,,Amphibolitic Gneiss,,,,,,PEDB is an acronym for Portable Electronic Divided Bar.  It is manufactur3ed by Hot Dry Rocks Ltd.,,
BR-2 152-156.5,BR-2,BR-2 152-156.5,,,152,meters,,,,Koochiching,MN,47.99,-93.75,,,,2011,Drill Hole,Cylinder,22.36,2.852,,,,,,U. North Dakota,PEDB,PEDB Routine,,,25,Deg C,,,,,,1.85,,,,,,,,,,,,,Unnamed,,Monzodiorite,,,,,,,,
BR-4 185-192,BR-4,BR-4 185-192,,,185,meters,,,,Koochiching,MN,47.97,-93.77,,,,2011,Drill Hole,Cylinder,,,,,,,,U. North Dakota,PEDB,PEDB Routine,,,25,Deg C,,,,,,1.76,,,,,,,,,,,,,Unnamed,,Quartz Diorite,,,,,,,,
CB-12 302-306,CB-12,CB-12 302-306,,,302,meters,,,,Itasca,MN,47.84,-94.32,,,,2011,Drill Hole,Cylinder,,,,,,,,U. North Dakota,PEDB,PEDB Routine,,,25,Deg C,,,,,,2.71,,,,,,,,,,,,,Unnamed,,Monzodiorite,,,,,,,,
CB-13 20-23,CB-13,CB-13 20-23,,,20,meters,,,,Itasca,MN,47.78,-94.31,,,,2011,Drill Hole,Cylinder,,,,,,,,U. North Dakota,PEDB,PEDB Routine,,,25,Deg C,,,,,,2.36,,,,,,,,,,,,,Unnamed,,Granite,,,,,,,,
CB-14 400-404,CB-14,CB-14 400-404,,,400,meters,,,,Itasca,MN,47.82,-94.3,,,,2011,Drill Hole,Cylinder,18.66,2.233,,,,,,U. North Dakota,PEDB,PEDB Routine,,,25,Deg C,,,,,,1.79,,,,,,,,,,,,,Unnamed,,Quartz Monzodiorite,,,,,,,,
CC-14 518-519,CC-14,CC-14 518-519,,,518,meters,,,,Todd,MN,45.95,-95.02,,,,2011,Drill Hole,Cylinder,,,,,,,,U. North Dakota,PEDB,PEDB Routine,,,25,Deg C,,,,,,2.78,,,,,,,,,,,,,Unnamed,,Biotitic Gneissic Tonalite,,,,,,,,
CC-22 223-224.2,CC-22,CC-22 223-224.2,,,223,meters,,,,Todd,MN,46.22,-95,,,,2011,Drill Hole,Cylinder,,,,,,,,U. North Dakota,PEDB,PEDB Routine,,,25,Deg C,,,,,,2.78,,,,,,,,,,,,,Unnamed,,Diorite,,,,,,,,
CC-32 120.5-122.2,CC-32,CC-32 120.5-122.2,,,120.5,meters,,,,Otter Tail,MN,46.37,-95.18,,,,2011,Drill Hole,Cylinder,17.9,2.046,,,,,,U. North Dakota,PEDB,PEDB Routine,,,25,Deg C,,,,,,2.45,,,,,,,,,,,,,Unnamed,,Hornblende Diorite,,,,,,,,
CD-17 31-33,CD-17,CD-17 31-33,,,31,meters,,,,St. Louis,MN,47.81,-92.8,,,,2011,Drill Hole,Cylinder,,,,,,,,U. North Dakota,PEDB,PEDB Routine,,,25,Deg C,,,,,,1.71,,,,,,,,,,,,,Rice River Pluton,,Hornblende Diorite,,,,,,,,
CD-7 79-81,CD-7,CD-7 79-81,,,79,meters,,,,St. Louis,MN,47.77,-93.02,,,,2011,Drill Hole,Cylinder,16.34,1.031,,,,,,U. North Dakota,PEDB,PEDB Routine,,,25,Deg C,,,,,,2.26,,,,,,,,,,,,,Morcom Pluton,,Monzonite,,,,,,,,
CS-1 110-111,CS-1,CS-1 110-111,,,110,meters,,,,Stearns,MN,45.45,-94.5,,,,2011,Drill Hole,Cylinder,18.95,1.175,,,,,,U. North Dakota,PEDB,PEDB Routine,,,25,Deg C,,,,,,1.82,,,,,,,,,,,,,Richmond Charnokitic Granite,,Charnokitic Granite (weathered),,,,,,,,
EC-1 158-159.2,EC-1,EC-1 158-159.2,,,158,meters,,,,Benton,MN,45.75,-94.12,,,,2011,Drill Hole,Cylinder,20.6,1.016,,,,,,U. North Dakota,PEDB,PEDB Routine,,,25,Deg C,,,,,,2.15,,,,,,,,,,,,,Watab Quartz Diorite,,Biotite Hornblende Diorite,,,,,,,,
EC-13 60-61,EC-13,EC-13 60-61,,,60,meters,,,,Mille Lacs,MN,45.71,-93.65,,,,2011,Drill Hole,Cylinder,19.33,0.835,,,,,,U. North Dakota,PEDB,PEDB Routine,,,25,Deg C,,,,,,2.57,,,,,,,,,,,,,Pease Pluton,,Granite,,,,,,,,
EC-2 131.5-132.5,EC-2,EC-2 131.5-132.5,,,131.5,meters,,,,Benton,MN,45.75,-94.12,,,,2011,Drill Hole,Cylinder,,,,,,,,U. North Dakota,PEDB,PEDB Routine,,,25,Deg C,,,,,,3.06,,,,,,,,,,,,,Foley Granite,,Porphoryritic Granite,,,,,,,,
EC-25 130-131,EC-25,EC-25 130-131,,,130,meters,,,,Benton,MN,45.6,-93.77,,,,2011,Drill Hole,Cylinder,21.3,0.948,,,,,,U. North Dakota,PEDB,PEDB Routine,,,25,Deg C,,,,,,2.44,,,,,,,,,,,,,Glendorado Pluton,,Biotite Hornblende Granodiorite,,,,,,,,
EC-26 124.5-125.5,EC-26,EC-26 124.5-125.5,,,124.5,meters,,,,Benton,MN,45.56,-93.77,,,,2011,Drill Hole,Cylinder,,,,,,,,U. North Dakota,PEDB,PEDB Routine,,,25,Deg C,,,,,,2.87,,,,,,,,,,,,,Glendorado Pluton,,Granite,,,,,,,,
EC-27 145-146.5,EC-27,EC-27 145-146.5,,,145,meters,,,,Sherburne,MN,45.53,-93.66,,,,2011,Drill Hole,Cylinder,20.2,0.797,,,,,,U. North Dakota,PEDB,PEDB Routine,,,25,Deg C,,,,,,2.85,,,,,,,,,,,,,Tonalitic Orthogneiss,,Tonalitic Orthogneiss,,,,,,,,
EC-3 229.5-230.5,EC-3,EC-3 229.5-230.5,,,229.5,meters,,,,Morrison,MN,45.82,-93.97,,,,2011,Drill Hole,Cylinder,19.27,0.739,,,,,,U. North Dakota,PEDB,PEDB Routine,,,25,Deg C,,,,,,2.94,,,,,,,,,,,,,Foley Granite,,Biotite Granite,,,,,,,,
EC-31 204.5-206,EC-31,EC-31 204.5-206,,,204.5,meters,,,,Sherburne,MN,45.48,-93.94,,,,2011,Drill Hole,Cylinder,,,,,,,,U. North Dakota,PEDB,PEDB Routine,,,25,Deg C,,,,,,2.28,,,,,,,,,,,,,Reformatory Granite,,Granite,,,,,,,,
EC-34 144-145,EC-34,EC-34 144-145,,,144,meters,,,,Sherburne,MN,45.44,-93.93,,,,2011,Drill Hole,Cylinder,,,,,,,,U. North Dakota,PEDB,PEDB Routine,,,25,Deg C,,,,,,2.65,,,,,,,,,,,,,Granite (in Archean Gneiss),,Granite,,,,,,,,
EC-35 205.5-206.5,EC-35,EC-35 205.5-206.5,,,205.5,meters,,,,Sherburne,MN,45.45,-94.01,,,,2011,Drill Hole,Cylinder,,,,,,,,U. North Dakota,PEDB,PEDB Routine,,,25,Deg C,,,,,,2.44,,,,,,,,,,,,,Reformatory Granite,,Granodiorite,,,,,,,,
EC-4 78-79,EC-4,EC-4 78-79,,,78,meters,,,,Morrison,MN,45.96,-93.85,,,,2011,Drill Hole,Cylinder,18.21,0.836,,,,,,U. North Dakota,PEDB,PEDB Routine,,,25,Deg C,,,,,,2.4,,,,,,,,,,,,,Pease Pluton,,Granite,,,,,,,,
EC-5 161-162,EC-5,EC-5 161-162,,,161,meters,,,,Morrison,MN,45.92,-93.92,,,,2011,Drill Hole,Cylinder,,,,,,,,U. North Dakota,PEDB,PEDB Routine,,,25,Deg C,,,,,,3,,,,,,,,,,,,,Pease Pluton,,Porphoryitic Granite,,,,,,,,
EC-6 50-52,EC-6,EC-6 50-52,,,50,meters,,,,Morrison,MN,46,-93.84,,,,2011,Drill Hole,Cylinder,,,,,,,,U. North Dakota,PEDB,PEDB Routine,,,25,Deg C,,,,,,2.49,,,,,,,,,,,,,Hillman Migmatite,,Granite Migmatite Mixture,,,,,,,,
EC-8 34-35,EC-8,EC-8 34-35,,,34,meters,,,,Kanabec,MN,45.88,-93.51,,,,2011,Drill Hole,Cylinder,,,,,,,,U. North Dakota,PEDB,PEDB Routine,,,25,Deg C,,,,,,1.98,,,,,,,,,,,,,Foley Granite,,Granite,,,,,,,,
G10-001,Outcrop,G10-001,,,0,meters,,,,Chippewa,MN,44.92,-95.7,,,,2011,Outcrop,Cylinder,,,,,,,,U. North Dakota,PEDB,PEDB Routine,,,25,Deg C,,,,,,2.75,,,,,,,,,,,,,Montevideo Gneiss,,Tonalitic Gneiss,,,,,,,,
G10-002,Outcrop,G10-002,,,0,meters,,,,Yellow Medicine,MN,44.8,-95.55,,,,2011,Outcrop,Cylinder,,,,,,,,U. North Dakota,PEDB,PEDB Routine,,,25,Deg C,,,,,,1.68,,,,,,,,,,,,,Montevideo Gneiss,,Hornblende-Biotite Gneiss with Amphibolite pods,,,,,,,,
G10-003,Outcrop,G10-003,,,0,meters,,,,Redwood,MN,44.69,-95.34,,,,2011,Outcrop,Cylinder,,,,,,,,U. North Dakota,PEDB,PEDB Routine,,,25,Deg C,,,,,,2.8,,,,,,,,,,,,,Sacred Heart Granite,,Weakly Foliated Biotite Granite,,,,,,,,
G10-004,Outcrop,G10-004,,,0,meters,,,,Renville,MN,44.69,-95.34,,,,2011,Outcrop,Cylinder,,,,,,,,U. North Dakota,PEDB,PEDB Routine,,,25,Deg C,,,,,,2.72,,,,,,,,,,,,,Sacred Heart Granite,,Weakly Foliated Biotite Granite,,,,,,,,
G10-005,Outcrop,G10-005,,,0,meters,,,,Redwood,MN,44.66,-95.32,,,,2011,Outcrop,Cylinder,,,,,,,,U. North Dakota,PEDB,PEDB Routine,,,25,Deg C,,,,,,,,,,,,,,,,,,,Morton Gneiss,,Biotite-Biotite Gneiss with Amphibolite pods,,,,,,,,
G10-006,Outcrop,G10-006,,,0,meters,,,,Redwood,MN,44.66,-95.23,,,,2011,Outcrop,Cylinder,16.2,1.362,,,,,,U. North Dakota,PEDB,PEDB Routine,,,25,Deg C,,,,,,2.9,,,,,,,,,,,,,Morton Gneiss,,Pegmatitic phase of Morton Gneiss,,,,,,,,
G10-007,Outcrop,G10-007,,,0,meters,,,,Renville,MN,44.58,-95.09,,,,2011,Outcrop,Cylinder,,,,,,,,U. North Dakota,PEDB,PEDB Routine,,,25,Deg C,,,,,,3.13,,,,,,,,,,,,,Morton Gneiss,,Granitic Phase of Morton Gneiss,,,,,,,,
G10-008,Outcrop,G10-008,,,0,meters,,,,Renville,MN,44.55,-94.99,,,,2011,Outcrop,Cylinder,,,,,,,,U. North Dakota,PEDB,PEDB Routine,,,25,Deg C,,,,,,2.84,,,,,,,,,,,,,Morton Gneiss,,Biotite-Biotite Gneiss,,,,,,,,
G10-009,Outcrop,G10-009,,,0,meters,,,,Stearns,MN,45.55,-94.24,,,,2011,Outcrop,Cylinder,23.93,1.992,,,,,,U. North Dakota,PEDB,PEDB Routine,,,25,Deg C,,,,,,1.88,,,,,,,,,,,,,St. Cloud Granite,,"Biotite-Biotite Granite ""Old Gray""",,,,,,,,
G10-010,Outcrop,G10-010,,,0,meters,,,,Sherburne,MN,45.54,-94.13,,,,2011,Outcrop,Cylinder,25.4,2.178,,,,,,U. North Dakota,PEDB,PEDB Routine,,,25,Deg C,,,,,,2.8,,,,,,,,,,,,,Rockville Granite,,Hornblende Granite,,,,,,,,
G10-011,Outcrop,G10-011,,,0,meters,,,,Stearns,MN,45.45,-94.43,,,,2011,Outcrop,Cylinder,21.4,1.888,,,,,,U. North Dakota,PEDB,PEDB Routine,,,25,Deg C,,,,,,2.32,,,,,,,,,,,,,Richmond Charnokitic Granite,,Charnokitic Granite (orthopyroxene-bearing),,,,,,,,
G10-012,Outcrop,G10-012,,,0,meters,,,,Benton,MN,45.66,-94.19,,,,2011,Outcrop,Cylinder,16.94,1.152,,,,,,U. North Dakota,PEDB,PEDB Routine,,,25,Deg C,,,,,,3.04,,,,,,,,,,,,,St. Cloud Granite,,Porphyritic Hornblende Granite,,,,,,,,
G10-013,Outcrop,G10-013,,,0,meters,,,,Morrison,MN,46.01,-94.21,,,,2011,Outcrop,Cylinder,,,,,,,,U. North Dakota,PEDB,PEDB Routine,,,25,Deg C,,,,,,2.04,,,,,,,,,,,,,Freedham Granodiorite,,Granodiorite,,,,,,,,
G10-014,Outcrop,G10-014,,,0,meters,,,,Mille Lacs,MN,46.01,-93.68,,,,2011,Outcrop,Cylinder,16.15,1.208,,,,,,U. North Dakota,PEDB,PEDB Routine,,,25,Deg C,,,,,,2.83,,,,,,,,,,,,,Bradbury Creek Granodiorite,,Granodiorite,,,,,,,,
G10-015,Outcrop,G10-015,,,0,meters,,,,Pine,MN,46.05,-93.28,,,,2011,Outcrop,Cylinder,,,,,,,,U. North Dakota,PEDB,PEDB Routine,,,25,Deg C,,,,,,2.35,,,,,,,,,,,,,Warman Granite,,Biotite Granite,,,,,,,,
G10-016,Outcrop,G10-016,,,0,meters,,,,Aitkin,MN,46.23,-93.31,,,,2011,Outcrop,Cylinder,,,,,,,,U. North Dakota,PEDB,PEDB Routine,,,25,Deg C,,,,,,2.27,,,,,,,,,,,,,McGrath Gneiss,,Biotite Gneiss,,,,,,,,
GRG-1,Outcrop,GRG-1,,,0,meters,,,,St. Louis,MN,47.58,-92.54,,,,2011,Outcrop,Cylinder,20.84,1.482,,,,,,U. North Dakota,PEDB,PEDB Routine,,,25,Deg C,,,,,,2.86,,,,,,,,,,,,,Giants Range Batholith,,Foliated Granite,,,,,,,,
GRG-2,Outcrop,GRG-2,,,0,meters,,,,St. Louis,MN,47.7,-92.65,,,,2011,Outcrop,Cylinder,,,,,,,,U. North Dakota,PEDB,PEDB Routine,,,25,Deg C,,,,,,2.57,,,,,,,,,,,,,Shannon Lake Granite of GRB,,Medium to Coarse Grained Pink Granite,,,,,,,,
GRG-3,Outcrop,GRG-3,,,0,meters,,,,St. Louis,MN,47.7,-92.65,,,,2011,Outcrop,Cylinder,,,,,,,,U. North Dakota,PEDB,PEDB Routine,,,25,Deg C,,,,,,,,,,,,,,,,,,,Shannon Lake Granite of GRB,,Weakly Foliated Granodiorite,,,,,,,,
GRG-LTV,Outcrop,GRG-LTV,,,0,meters,,,,St. Louis,MN,47.6,-92.14,,,,2011,Outcrop,Cylinder,,,,,,,,U. North Dakota,PEDB,PEDB Routine,,,25,Deg C,,,,,,2.61,,,,,,,,,,,,,Giants Range Batholith,,Hornblende Granite,,,,,,,,
HB-87-4 723-727,HB-87-4,HB-87-4 723-727,,,723,meters,,,,Becker,MN,47.1,-95.35,,,,2011,Drill Hole,Cylinder,19.7,1.75,,,,,,U. North Dakota,PEDB,PEDB Routine,,,25,Deg C,,,,,,2.35,,,,,,,,,,,,,Unnamed,,Monzodiorite,,,,,,,,
HS-1-88 492.3-493.5,HS-1-88,HS-1-88 492.3-493.5,,,492.3,meters,,,,Otter Tail,MN,46.44,-95.45,,,,2011,Drill Hole,Cylinder,16.92,0.631,,,,,,U. North Dakota,PEDB,PEDB Routine,,,25,Deg C,,,,,,3.19,,,,,,,,,,,,,Unnamed,,Potassium Metasomatized Granite,,,,,,,,
HS-1-88 494.5-495.5,HS-1-88,HS-1-88 494.5-495.5,,,494.5,meters,,,,Otter Tail,MN,46.44,-95.45,,,,2011,Drill Hole,Cylinder,,,,,,,,U. North Dakota,PEDB,PEDB Routine,,,25,Deg C,,,,,,3.19,,,,,,,,,,,,,Unnamed,,Pegmatitic Granite,,,,,,,,
ID-1,Outcrop,ID-1,,,0,meters,,,,St. Louis,MN,47.7,-92.63,,,,2011,Outcrop,Cylinder,,,,,,,,U. North Dakota,PEDB,PEDB Routine,,,25,Deg C,,,,,,2.63,,,,,,,,,,,,,Iddington Pluton,,Monzodiorite,,,,,,,,
J-1 470-472,J-1,J-1 470-472,,,470,meters,,,,Roseau,MN,48.89,-95.76,,,,2011,Drill Hole,Cylinder,,,,,,,,U. North Dakota,PEDB,PEDB Routine,,,25,Deg C,,,,,,2.54,,,,,,,,,,,,,Roseau River Batholith,,Gneissic Tonalite,,,,,,,,
KEX 05L022 1046.2-1048.2,KEX 05L022,KEX 05L022 1046.2-1048.2,,,1046.2,meters,,,,Carlton,MN,46.58,-93.04,,,,2011,Drill Hole,Cylinder,,,,,,,,U. North Dakota,PEDB,PEDB Routine,,,25,Deg C,,,,,,2.19,,,,,,,,,,,,,Tamarack Intrusion,,Tamarack int = biotitic norite,,,,,,,,
KEX 05L022 1093.5-1095.5,KEX 05L022,KEX 05L022 1093.5-1095.5,,,1093.5,meters,,,,Carlton,MN,46.58,-93.04,,,,2011,Drill Hole,Cylinder,,,,,,,,U. North Dakota,PEDB,PEDB Routine,,,25,Deg C,,,,,,2.5,,,,,,,,,,,,,Tamarack Intrusion,,Tamarack int = gabbro,,,,,,,,
KEX 05L022 1186.6-1188.6,KEX 05L022,KEX 05L022 1186.6-1188.6,,,1186.6,meters,,,,Carlton,MN,46.58,-93.04,,,,2011,Drill Hole,Cylinder,,,,,,,,U. North Dakota,PEDB,PEDB Routine,,,25,Deg C,,,,,,2.37,,,,,,,,,,,,,Tamarack Intrusion,,Tamarack int = Monzogabbro,,,,,,,,
KEX 05L022 1255.5-1257.5,KEX 05L022,KEX 05L022 1255.5-1257.5,,,1255.5,meters,,,,Carlton,MN,46.58,-93.04,,,,2011,Drill Hole,Cylinder,25.44,2.2,,,,,,U. North Dakota,PEDB,PEDB Routine,,,25,Deg C,,,,,,3.18,,,,,,,,,,,,,Tamarack Intrusion,,Tamarack int = Monzogabbro,,,,,,,,
KEX 05L022 1263-1265,KEX 05L022,KEX 05L022 1263-1265,,,1263,meters,,,,Carlton,MN,46.58,-93.04,,,,2011,Drill Hole,Cylinder,,,,,,,,U. North Dakota,PEDB,PEDB Routine,,,25,Deg C,,,,,,2.14,,,,,,,,,,,,,Tamarack Intrusion,,Tamarack int = Monzogabbro w/20% granophyre,,,,,,,,
KEX 05L022 263-265,KEX 05L022,KEX 05L022 263-265,,,263,meters,,,,Carlton,MN,46.58,-93.04,,,,2011,Drill Hole,Cylinder,21.38,1.756,,,,,,U. North Dakota,PEDB,PEDB Routine,,,25,Deg C,,,,,,2.21,,,,,,,,,,,,,Tamarack Intrusion,,Thomson Fm = well-cleaved argillite,,,,,,,,
KEX 05L022 305-307,KEX 05L022,KEX 05L022 305-307,,,305,meters,,,,Carlton,MN,46.58,-93.04,,,,2011,Drill Hole,Cylinder,21.69,1.844,,,,,,U. North Dakota,PEDB,PEDB Routine,,,25,Deg C,,,,,,2.49,,,,,,,,,,,,,Tamarack Intrusion,,Thomson Fm = greywacke and siltstone,,,,,,,,
KEX 05L022 355.5-357.5,KEX 05L022,KEX 05L022 355.5-357.5,,,355.5,meters,,,,Carlton,MN,46.58,-93.04,,,,2011,Drill Hole,Cylinder,,,,,,,,U. North Dakota,PEDB,PEDB Routine,,,25,Deg C,,,,,,2.53,,,,,,,,,,,,,Tamarack Intrusion,,Thomson Fm = massive flow/sill??,,,,,,,,
KEX 05L022 563-565,KEX 05L022,KEX 05L022 563-565,,,563,meters,,,,Carlton,MN,46.58,-93.04,,,,2011,Drill Hole,Cylinder,20.77,1.401,,,,,,U. North Dakota,PEDB,PEDB Routine,,,25,Deg C,,,,,,1.92,,,,,,,,,,,,,Tamarack Intrusion,,Thomson Fm = greywacke w/mudstone,,,,,,,,
KEX 05L022 635-637,KEX 05L022,KEX 05L022 635-637,,,635,meters,,,,Carlton,MN,46.58,-93.04,,,,2011,Drill Hole,Cylinder,23.28,2.119,,,,,,U. North Dakota,PEDB,PEDB Routine,,,25,Deg C,,,,,,2.37,,,,,,,,,,,,,Tamarack Intrusion,,Thomson Fm = well-cleaved mixed sediments,,,,,,,,
KEX07L038 060,KEX07L038,KEX07L038 060,,,196.85,meters,,,,Carlton,MN,46.61,-93.06,,,,2011,Drill Hole,Cylinder,,,,,,,,U. North Dakota,PEDB,PEDB Routine,,,25,Deg C,,,,,,2.45,,,,,,,,,,,,,Tamarack Intrusion,,Feldspathic Peridotite,,,,,,,,
KEX07L038 120,KEX07L038,KEX07L038 120,,,393.7,meters,,,,Carlton,MN,46.61,-93.06,,,,2011,Drill Hole,Cylinder,,,,,,,,U. North Dakota,PEDB,PEDB Routine,,,25,Deg C,,,,,,2.46,,,,,,,,,,,,,Tamarack Intrusion,,Granophyre,,,,,,,,
KEX07L038 180,KEX07L038,KEX07L038 180,,,590.55,meters,,,,Carlton,MN,46.61,-93.06,,,,2011,Drill Hole,Cylinder,,,,,,,,U. North Dakota,PEDB,PEDB Routine,,,25,Deg C,,,,,,1.97,,,,,,,,,,,,,Tamarack Intrusion,,Epidote Altered Granophyre,,,,,,,,
KEX07L038 240,KEX07L038,KEX07L038 240,,,787.4,meters,,,,Carlton,MN,46.61,-93.06,,,,2011,Drill Hole,Cylinder,,,,,,,,U. North Dakota,PEDB,PEDB Routine,,,25,Deg C,,,,,,1.83,,,,,,,,,,,,,Tamarack Intrusion,,Melatroctolite - Serpentinized,,,,,,,,
KEX07L038 300,KEX07L038,KEX07L038 300,,,984.25,meters,,,,Carlton,MN,46.61,-93.06,,,,2011,Drill Hole,Cylinder,,,,,,,,U. North Dakota,PEDB,PEDB Routine,,,25,Deg C,,,,,,1.79,,,,,,,,,,,,,Tamarack Intrusion,,Epidote Altered Melatroctolite,,,,,,,,
KEX07L038 360,KEX07L038,KEX07L038 360,,,1181.1,meters,,,,Carlton,MN,46.61,-93.06,,,,2011,Drill Hole,Cylinder,,,,,,,,U. North Dakota,PEDB,PEDB Routine,,,25,Deg C,,,,,,1.78,,,,,,,,,,,,,Tamarack Intrusion,,Melatroctolite -  Weakly Serpentinized,,,,,,,,
KEX07L038 420,KEX07L038,KEX07L038 420,,,1377.95,meters,,,,Carlton,MN,46.61,-93.06,,,,2011,Drill Hole,Cylinder,,,,,,,,U. North Dakota,PEDB,PEDB Routine,,,25,Deg C,,,,,,2.22,,,,,,,,,,,,,Tamarack Intrusion,,Troctolite,,,,,,,,
KEX07L038 480,KEX07L038,KEX07L038 480,,,1574.8,meters,,,,Carlton,MN,46.61,-93.06,,,,2011,Drill Hole,Cylinder,,,,,,,,U. North Dakota,PEDB,PEDB Routine,,,25,Deg C,,,,,,1.92,,,,,,,,,,,,,Tamarack Intrusion,,Peridotite,,,,,,,,
KEX07L038 540,KEX07L038,KEX07L038 540,,,295.28,meters,,,,Carlton,MN,46.61,-93.06,,,,2011,Drill Hole,Cylinder,,,,,,,,U. North Dakota,PEDB,PEDB Routine,,,25,Deg C,,,,,,2.81,,,,,,,,,,,,,Tamarack Intrusion,,Peridotite - Serpentinized,,,,,,,,
KEX07L038 600,KEX07L038,KEX07L038 600,,,1968.5,meters,,,,Carlton,MN,46.61,-93.06,,,,2011,Drill Hole,Cylinder,,,,,,,,U. North Dakota,PEDB,PEDB Routine,,,25,Deg C,,,,,,3.09,,,,,,,,,,,,,Tamarack Intrusion,,Peridotite - Weakly Serpentinized,,,,,,,,
KEX07L038 660,KEX07L038,KEX07L038 660,,,2165.35,meters,,,,Carlton,MN,46.61,-93.06,,,,2011,Drill Hole,Cylinder,,,,,,,,U. North Dakota,PEDB,PEDB Routine,,,25,Deg C,,,,,,,,,,,,,,,,,,,Tamarack Intrusion,,Peridotite,,,,,,,,
KEX07L038 720,KEX07L038,KEX07L038 720,,,2362.2,meters,,,,Carlton,MN,46.61,-93.06,,,,2011,Drill Hole,Cylinder,,,,,,,,U. North Dakota,PEDB,PEDB Routine,,,25,Deg C,,,,,,3.77,,,,,,,,,,,,,Tamarack Intrusion,,Peridotite,,,,,,,,
KEX07L039 060,KEX07L039,KEX07L039 060,,,196.85,meters,,,,Carlton,MN,46.62,-93.04,,,,2011,Drill Hole,Cylinder,,,,,,,,U. North Dakota,PEDB,PEDB Routine,,,25,Deg C,,,,,,2.72,,,,,,,,,,,,,Tamarack Intrusion,,Thomson Fm = greywacke and siltstone,,,,,,,,
KEX07L039 120,KEX07L039,KEX07L039 120,,,393.7,meters,,,,Carlton,MN,46.62,-93.04,,,,2011,Drill Hole,Cylinder,,,,,,,,U. North Dakota,PEDB,PEDB Routine,,,25,Deg C,,,,,,3.15,,,,,,,,,,,,,Tamarack Intrusion,,Thomson Fm = massive flow/sill??,,,,,,,,
KEX07L039 180,KEX07L039,KEX07L039 180,,,590.55,meters,,,,Carlton,MN,46.62,-93.04,,,,2011,Drill Hole,Cylinder,,,,,,,,U. North Dakota,PEDB,PEDB Routine,,,25,Deg C,,,,,,1.98,,,,,,,,,,,,,Tamarack Intrusion,,Granophyre,,,,,,,,
KEX07L039 240,KEX07L039,KEX07L039 240,,,787.4,meters,,,,Carlton,MN,46.62,-93.04,,,,2011,Drill Hole,Cylinder,,,,,,,,U. North Dakota,PEDB,PEDB Routine,,,25,Deg C,,,,,,1.81,,,,,,,,,,,,,Tamarack Intrusion,,Granophyre,,,,,,,,
KEX07L039 293,KEX07L039,KEX07L039 293,,,961.29,meters,,,,Carlton,MN,46.62,-93.04,,,,2011,Drill Hole,Cylinder,,,,,,,,U. North Dakota,PEDB,PEDB Routine,,,25,Deg C,,,,,,1.51,,,,,,,,,,,,,Tamarack Intrusion,,Fine Grained Melatroctolite,,,,,,,,
KEX07L039 360,KEX07L039,KEX07L039 360,,,1181.1,meters,,,,Carlton,MN,46.62,-93.04,,,,2011,Drill Hole,Cylinder,,,,,,,,U. North Dakota,PEDB,PEDB Routine,,,25,Deg C,,,,,,2.11,,,,,,,,,,,,,Tamarack Intrusion,,Oxide-Bearing Melatroctolite,,,,,,,,
KEX07L039 420,KEX07L039,KEX07L039 420,,,1377.95,meters,,,,Carlton,MN,46.62,-93.04,,,,2011,Drill Hole,Cylinder,,,,,,,,U. North Dakota,PEDB,PEDB Routine,,,25,Deg C,,,,,,2.22,,,,,,,,,,,,,Tamarack Intrusion,,Melatroctolite,,,,,,,,
KEX07L039 480,KEX07L039,KEX07L039 480,,,1574.8,meters,,,,Carlton,MN,46.62,-93.04,,,,2011,Drill Hole,Cylinder,,,,,,,,U. North Dakota,PEDB,PEDB Routine,,,25,Deg C,,,,,,2.66,,,,,,,,,,,,,Tamarack Intrusion,,Feldspathic Peridotite,,,,,,,,
KEX07L039 540,KEX07L039,KEX07L039 540,,,295.28,meters,,,,Carlton,MN,46.62,-93.04,,,,2011,Drill Hole,Cylinder,,,,,,,,U. North Dakota,PEDB,PEDB Routine,,,25,Deg C,,,,,,2.59,,,,,,,,,,,,,Tamarack Intrusion,,Feldspathic Peridotite,,,,,,,,
KIB-12 169-170,KIB-12,KIB-12 169-170,,,169,meters,,,,Itasca,MN,47.85,-93.6,,,,2011,Drill Hole,Cylinder,,,,,,,,U. North Dakota,PEDB,PEDB Routine,,,25,Deg C,,,,,,3.26,,,,,,,,,,,,,Effie Pluton,,Luecogranodiorite,,,,,,,,
KIB-40 300.5-301.5,KIB-40,KIB-40 300.5-301.5,,,300.5,meters,,,,Itasca,MN,47.63,-93.84,,,,2011,Drill Hole,Cylinder,,,,,,,,U. North Dakota,PEDB,PEDB Routine,,,25,Deg C,,,,,,2.17,,,,,,,,,,,,,Bello Lake Pluton,,Monzonite,,,,,,,,
KIB-45 163.5-164.5,KIB-45,KIB-45 163.5-164.5,,,163.5,meters,,,,Koochiching,MN,47.88,-93.87,,,,2011,Drill Hole,Cylinder,,,,,,,,U. North Dakota,PEDB,PEDB Routine,,,25,Deg C,,,,,,2.2,,,,,,,,,,,,,Unnamed,,Granodiorite,,,,,,,,
KIB-50 297-298,KIB-50,KIB-50 297-298,,,297,meters,,,,Itasca,MN,47.66,-93.6,,,,2011,Drill Hole,Cylinder,,,,,,,,U. North Dakota,PEDB,PEDB Routine,,,25,Deg C,,,,,,2.36,,,,,,,,,,,,,Unnamed,,Granite,,,,,,,,
KIB-51 279-280,KIB-51,KIB-51 279-280,,,279,meters,,,,Itasca,MN,47.66,-94.07,,,,2011,Drill Hole,Cylinder,,,,,,,,U. North Dakota,PEDB,PEDB Routine,,,25,Deg C,,,,,,3.08,,,,,,,,,,,,,Unnamed,,Hornblende Quartz Diorite,,,,,,,,
KIB-52 256-257,KIB-52,KIB-52 256-257,,,256,meters,,,,Itasca,MN,47.66,-94.17,,,,2011,Drill Hole,Cylinder,22.3,0.89,,,,,,U. North Dakota,PEDB,PEDB Routine,,,25,Deg C,,,,,,2.74,,,,,,,,,,,,,Unnamed,,Hornblende Quartz Diorite,,,,,,,,
KIB-5B 154-155,KIB-5B,KIB-5B 154-155,,,154,meters,,,,Itasca,MN,47.64,-93.33,,,,2011,Drill Hole,Cylinder,,,,,,,,U. North Dakota,PEDB,PEDB Routine,,,25,Deg C,,,,,,3.01,,,,,,,,,,,,,Unnamed,,Quartz Diorite,,,,,,,,
KIB-6 42-43.4,KIB-6,KIB-6 42-43.4,,,42,meters,,,,Itasca,MN,47.73,-93.48,,,,2011,Drill Hole,Cylinder,25.9,1.255,,,,,,U. North Dakota,PEDB,PEDB Routine,,,25,Deg C,,,,,,2.12,,,,,,,,,,,,,Coon Lake Pluton,,Syenite,,,,,,,,
KIB-68 336.5-338,KIB-68,KIB-68 336.5-338,,,336.5,meters,,,,Beltrami,MN,47.9,-94.7,,,,2011,Drill Hole,Cylinder,16.3,0.77,,,,,,U. North Dakota,PEDB,PEDB Routine,,,25,Deg C,,,,,,2.38,,,,,,,,,,,,,Unnamed,,Quartz Diorite,,,,,,,,
KIB-7 218.5-219.5,KIB-7,KIB-7 218.5-219.5,,,218.5,meters,,,,Itasca,MN,47.67,-93.68,,,,2011,Drill Hole,Cylinder,,,,,,,,U. North Dakota,PEDB,PEDB Routine,,,25,Deg C,,,,,,2.55,,,,,,,,,,,,,Bello Lake Pluton,,Monzonite,,,,,,,,
KIB-74 256.5-258,KIB-74,KIB-74 256.5-258,,,256.5,meters,,,,Beltrami,MN,47.82,-94.51,,,,2011,Drill Hole,Cylinder,14.26,0.93,,,,,,U. North Dakota,PEDB,PEDB Routine,,,25,Deg C,,,,,,1.66,,,,,,,,,,,,,Unnamed,,Granodiorite,,,,,,,,
KIB-77 507-508.3,KIB-77,KIB-77 507-508.3,,,507,meters,,,,Beltrami,MN,47.71,-94.44,,,,2011,Drill Hole,Cylinder,,,,,,,,U. North Dakota,PEDB,PEDB Routine,,,25,Deg C,,,,,,2.66,,,,,,,,,,,,,Decker Lake Pluton,,Hornblende Granite,,,,,,,,
KIB-79 252-253.5,KIB-79,KIB-79 252-253.5,,,252,meters,,,,Beltrami,MN,47.7,-94.5,,,,2011,Drill Hole,Cylinder,,,,,,,,U. North Dakota,PEDB,PEDB Routine,,,25,Deg C,,,,,,,,,,,,,,,,,,,Decker Lake Pluton,,Hornblende Monzodiorite,,,,,,,,
LF-2 226-229,LF-2,LF-2 226-229,,,226,meters,,,,St. Louis,MN,47.92,-93.04,,,,2011,Drill Hole,Cylinder,13.4,1.674,,,,,,U. North Dakota,PEDB,PEDB Routine,,,25,Deg C,,,,,,2.18,,,,,,,,,,,,,Linden Pluton,,Foliated Quartz Monzonite,,,,,,,,
LF-5 128-131,LF-5,LF-5 128-131,,,128,meters,,,,St. Louis,MN,47.87,-93.02,,,,2011,Drill Hole,Cylinder,,,,,,,,U. North Dakota,PEDB,PEDB Routine,,,25,Deg C,,,,,,2.2,,,,,,,,,,,,,Linden Pluton,,Chloritized Granodiorite,,,,,,,,
LL-1-81-8 586-588.5,LL-81-8,LL-1-81-8 586-588.5,,,586,meters,,,,Meeker,MN,45.11,-94.68,,,,2011,Drill Hole,Cylinder,,,,,,,,U. North Dakota,PEDB,PEDB Routine,,,25,Deg C,,,,,,2.05,,,,,,,,,,,,,Rockville Granite,,Diorite,,,,,,,,
LV-1 365-367,LV-1,LV-1 365-367,,,365,meters,,,,Cass,MN,46.89,-94.29,,,,2011,Drill Hole,Cylinder,18.74,0.756,,,,,,U. North Dakota,PEDB,PEDB Routine,,,25,Deg C,,,,,,2.79,,,,,,,,,,,,,Unnamed,,Granitic Gneiss,,,,,,,,
LV-12A 81-83,LV-12A,LV-12A 81-83,,,81,meters,,,,Morrison,MN,46.28,-94.64,,,,2011,Drill Hole,Cylinder,18.16,0.962,,,,,,U. North Dakota,PEDB,PEDB Routine,,,25,Deg C,,,,,,1.98,,,,,,,,,,,,,Unnamed,,Granite,,,,,,,,
LV-13 135-136,LV-13,LV-13 135-136,,,135,meters,,,,Todd,MN,46.24,-94.8,,,,2011,Drill Hole,Cylinder,,,,,,,,U. North Dakota,PEDB,PEDB Routine,,,25,Deg C,,,,,,2.04,,,,,,,,,,,,,Unnamed,,Epidotized Gneissic Leucotonalite,,,,,,,,
LV-14 264-265.5,LV-14,LV-14 264-265.5,,,264,meters,,,,Douglas,MN,45.97,-95.2,,,,2011,Drill Hole,Cylinder,,,,,,,,U. North Dakota,PEDB,PEDB Routine,,,25,Deg C,,,,,,2.44,,,,,,,,,,,,,Unnamed,,Biotite Hornblende Tonalite,,,,,,,,
LV-4 251.5-253,LV-4,LV-4 251.5-253,,,251.5,meters,,,,Cass,MN,46.98,-94.16,,,,2011,Drill Hole,Cylinder,,,,,,,,U. North Dakota,PEDB,PEDB Routine,,,25,Deg C,,,,,,3.05,,,,,,,,,,,,,Unnamed,,Biotitic Leucogranite,,,,,,,,
MEX-0003 186-187,MEX-0003,MEX-0003 186-187,,,186,meters,,,,Lake,MN,47.81,-91.7,,,,2011,Drill Hole,Cylinder,,,,,,,,U. North Dakota,PEDB,PEDB Routine,,,25,Deg C,,,,,,1.92,,,,,,,,,,,,,Duluth Complex,,ATA Series,,,,,,,,
MEX-0003 2361.5-2363,MEX-0003,MEX-0003 2361.5-2363,,,2361.5,meters,,,,Lake,MN,47.81,-91.7,,,,2011,Drill Hole,Cylinder,,,,,,,,U. North Dakota,PEDB,PEDB Routine,,,25,Deg C,,,,,,1.4,,,,,,,,,,,,,Duluth Complex,,AN Series = Anorthosite,,,,,,,,
MEX-0003 2368.5-2369.5,MEX-0003,MEX-0003 2368.5-2369.5,,,2368.5,meters,,,,Lake,MN,47.81,-91.7,,,,2011,Drill Hole,Cylinder,,,,,,,,U. North Dakota,PEDB,PEDB Routine,,,25,Deg C,,,,,,1.86,,,,,,,,,,,,,Duluth Complex,,AN Series = Gabbro,,,,,,,,
MEX-0003 284-285,MEX-0003,MEX-0003 284-285,,,284,meters,,,,Lake,MN,47.81,-91.7,,,,2011,Drill Hole,Cylinder,,,,,,,,U. North Dakota,PEDB,PEDB Routine,,,25,Deg C,,,,,,2.12,,,,,,,,,,,,,Duluth Complex,,Upper Basalt,,,,,,,,
MEX-0003 750.5-752,MEX-0003,MEX-0003 750.5-752,,,750.5,meters,,,,Lake,MN,47.81,-91.7,,,,2011,Drill Hole,Cylinder,,,,,,,,U. North Dakota,PEDB,PEDB Routine,,,25,Deg C,,,,,,1.73,,,,,,,,,,,,,Duluth Complex,,Upper Gabbro,,,,,,,,
MEX-0102 3580-3580.8,MEX-0102,MEX-0102 3580-3580.8,,,3580,meters,,,,Lake,MN,47.8,-91.74,,,,2011,Drill Hole,Cylinder,18.34,1.764,,,,,,U. North Dakota,PEDB,PEDB Routine,,,25,Deg C,,,,,,2.07,,,,,,,,,,,,,Giants Range Batholith,,Giants Range Batholith,,,,,,,,
MEX-0116 2938-2939,MEX-0116,MEX-0116 2938-2939,,,2938,meters,,,,Lake,MN,47.81,-91.73,,,,2011,Drill Hole,Cylinder,,,,,,,,U. North Dakota,PEDB,PEDB Routine,,,25,Deg C,,,,,,2.63,,,,,,,,,,,,,Giants Range Batholith,,Giants Range Batholith,,,,,,,,
MEX-0137M 1450-1451,MEX-0137M,MEX-0137M 1450-1451,,,1450,meters,,,,Lake,MN,47.81,-91.74,,,,2011,Drill Hole,Cylinder,15.03,1.865,,,,,,U. North Dakota,PEDB,PEDB Routine,,,25,Deg C,,,,,,1.38,,,,,,,,,,,,,Duluth Complex,,BMZ = Melatroctolite,,,,,,,,
MEX-0153 2217-2217.8,MEX-0153,MEX-0153 2217-2217.8,,,2217,meters,,,,Lake,MN,47.81,-91.73,,,,2011,Drill Hole,Cylinder,,,,,,,,U. North Dakota,PEDB,PEDB Routine,,,25,Deg C,,,,,,1.96,,,,,,,,,,,,,Giants Range Batholith,,Giants Range Batholith,,,,,,,,
MGS887 278-279.5,MGS887,MGS887 278-279.5,,,278,meters,,,,Marshall,MN,48.49,-97.14,,,,2011,Drill Hole,Cylinder,,,,,,,,U. North Dakota,PEDB,PEDB Routine,,,25,Deg C,,,,,,2.88,,,,,,,,,,,,,Unnamed,,Granite,,,,,,,,
MN MORT 1,Outcrop,MN MORT 1,,,0,meters,,,,Renville,MN,44.55,-94.98,,,,2011,Outcrop,Cylinder,,,,,,,,U. North Dakota,PEDB,PEDB Routine,,,25,Deg C,,,,,,2.75,,,,,,,,,,,,,Unnamed,,Gneissic,,,,,,,,
mnely1,Outcrop,mnely1,,,0,meters,,,,St. Louis,MN,47.7,-92.41,,,,2011,Outcrop,Cylinder,18.16,1.297,,,,,,U. North Dakota,PEDB,PEDB Routine,,,25,Deg C,,,,,,2.74,,,,,,,,,,,,,Unnamed,,Mafic,,,,,,,,
MNGF1,Outcrop,MNGF1,,,0,meters,,,,Yellow Medicine,MN,44.81,-95.54,,,,2011,Outcrop,Cylinder,,,,,,,,U. North Dakota,PEDB,PEDB Routine,,,25,Deg C,,,,,,1.92,,,,,,,,,,,,,Unnamed,,Granitic,,,,,,,,
MNKBL1,Outcrop,MNKBL1,,,0,meters,,,,St. Louis,MN,48.4,-93.02,,,,2011,Outcrop,Cylinder,22.05,1.615,,,,,,U. North Dakota,PEDB,PEDB Routine,,,25,Deg C,,,,,,2.9,,,,,,,,,,,,,Unnamed,,Granitic,,,,,,,,
MNLO1,Outcrop,MNLO1,,,0,meters,,,,Koochiching,MN,48.63,-94.11,,,,2011,Outcrop,Cylinder,20.83,1.548,,,,,,U. North Dakota,PEDB,PEDB Routine,,,25,Deg C,,,,,,2.8,,,,,,,,,,,,,Unnamed,,Granitic,,,,,,,,
MNLOTW2,Outcrop,MNLOTW2,,,0,meters,,,,Lake of the Woods,MN,48.96,-95.07,,,,2011,Outcrop,Cylinder,19.12,1.021,,,,,,U. North Dakota,PEDB,PEDB Routine,,,25,Deg C,,,,,,3.33,,,,,,,,,,,,,Unnamed,,Granitic,,,,,,,,
MNMV1A,Outcrop,MNMV1A,,,0,meters,,,,Chippewa,MN,44.92,-95.7,,,,2011,Outcrop,Cylinder,,,,,,,,U. North Dakota,PEDB,PEDB Routine,,,25,Deg C,,,,,,2.26,,,,,,,,,,,,,Unnamed,,Gneiss,,,,,,,,
MNMV1B,Outcrop,MNMV1B,,,0,meters,,,,Chippewa,MN,44.92,-95.7,,,,2011,Outcrop,Cylinder,,,,,,,,U. North Dakota,PEDB,PEDB Routine,,,25,Deg C,,,,,,2.26,,,,,,,,,,,,,Unnamed,,Gneiss,,,,,,,,
MNVA2,Outcrop,MNVA2,,,0,meters,,,,St. Louis,MN,47.39,-92.54,,,,2011,Outcrop,Cylinder,19.2,1.43,,,,,,U. North Dakota,PEDB,PEDB Routine,,,25,Deg C,,,,,,2.8,,,,,,,,,,,,,Unnamed,,Mafic,,,,,,,,
MNVA3,Outcrop,MNVA3,,,0,meters,,,,St. Louis,MN,47.59,-92.54,,,,2011,Outcrop,Cylinder,12.83,1.472,,,,,,U. North Dakota,PEDB,PEDB Routine,,,25,Deg C,,,,,,2.44,,,,,,,,,,,,,Unnamed,,Mafic,,,,,,,,
NB-81-1 724-726,NB-81-1,NB-81-1 724-726,,,724,meters,,,,Meeker,MN,45.09,-94.35,,,,2011,Drill Hole,Cylinder,21.72,1.752,,,,,,U. North Dakota,PEDB,PEDB Routine,,,25,Deg C,,,,,,1.99,,,,,,,,,,,,,Rockville Granite,,Granodiorite,,,,,,,,
NCB-2 220.5-224,NCB-2,NCB-2 220.5-224,,,220.5,meters,,,,Koochiching,MN,48.59,-94.11,,,,2011,Drill Hole,Cylinder,22.9,1.937,,,,,,U. North Dakota,PEDB,PEDB Routine,,,25,Deg C,,,,,,3.09,,,,,,,,,,,,,Birchdale Intrusion,,Granite,,,,,,,,
NM-3 4364-4367,NM-3,NM-3 4364-4367,,,4364,meters,,,,Lake,MN,47.8,-91.7,,,,2011,Drill Hole,Cylinder,,,,,,,,U. North Dakota,PEDB,PEDB Routine,,,25,Deg C,,,,,,,,,,,,,,,,,,,Giants Range Batholith,,Hornblende Granite,,,,,,,,
NM-5 5178-5186,NM-5,NM-5 5178-5186,,,5178,meters,,,,Lake,MN,47.79,-91.7,,,,2011,Drill Hole,Cylinder,,,,,,,,U. North Dakota,PEDB,PEDB Routine,,,25,Deg C,,,,,,1.44,,,,,,,,,,,,,Giants Range Batholith,,Granodiorite,,,,,,,,
NW-1 201-202,NW-1,NW-1 201-202,,,201,meters,,,,Roseau,MN,48.86,-95.92,,,,2011,Drill Hole,Cylinder,20.18,0.985,,,,,,U. North Dakota,PEDB,PEDB Routine,,,25,Deg C,,,,,,2.95,,,,,,,,,,,,,Roseau River Batholith,,Gneissic Tonalite,,,,,,,,
NW-10 287-288.8,NW-10,NW-10 287-288.8,,,287,meters,,,,Marshall,MN,48.27,-95.9,,,,2011,Drill Hole,Cylinder,16.05,0.873,,,,,,U. North Dakota,PEDB,PEDB Routine,,,25,Deg C,,,,,,2.7,,,,,,,,,,,,,Unnamed,,Monzodiorite,,,,,,,,
NW-11 320.321.5,NW-11,NW-11 320.321.5,,,320,meters,,,,Marshall,MN,48.3,-96.3,,,,2011,Drill Hole,Cylinder,25.66,1.283,,,,,,U. North Dakota,PEDB,PEDB Routine,,,25,Deg C,,,,,,2.71,,,,,,,,,,,,,Unnamed,,Tonalite,,,,,,,,
NW-19 396.5-398,NW-19,NW-19 396.5-398,,,396.5,meters,,,,Pennington,MN,48,-96.29,,,,2011,Drill Hole,Cylinder,,,,,,,,U. North Dakota,PEDB,PEDB Routine,,,25,Deg C,,,,,,2.71,,,,,,,,,,,,,Unnamed,,Granodiorite,,,,,,,,
NW-2 302-304,NW-2,NW-2 302-304,,,302,meters,,,,Roseau,MN,48.95,-96.11,,,,2011,Drill Hole,Cylinder,15.38,0.747,,,,,,U. North Dakota,PEDB,PEDB Routine,,,25,Deg C,,,,,,3.15,,,,,,,,,,,,,Unnamed,,Granite,,,,,,,,
NW-2 304.5-306,NW-2,NW-2 304.5-306,,,304.5,meters,,,,Roseau,MN,48.95,-96.11,,,,2011,Drill Hole,Cylinder,25.94,1.512,,,,,,U. North Dakota,PEDB,PEDB Routine,,,25,Deg C,,,,,,3.41,,,,,,,,,,,,,Unnamed,,Hornblende Biotite Gneiss,,,,,,,,
NW-23 531-532.5,NW-23,NW-23 531-532.5,,,531,meters,,,,Red Lake,MN,47.87,-96.42,,,,2011,Drill Hole,Cylinder,21.84,1.02,,,,,,U. North Dakota,PEDB,PEDB Routine,,,25,Deg C,,,,,,3.07,,,,,,,,,,,,,Red Lake Falls Pluton,,Granodiorite,,,,,,,,
NW-3 542-543,NW-3,NW-3 542-543,,,542,meters,,,,Kittson,MN,48.92,-96.91,,,,2011,Drill Hole,Cylinder,20.3,0.96,,,,,,U. North Dakota,PEDB,PEDB Routine,,,25,Deg C,,,,,,3.06,,,,,,,,,,,,,Roseau River Batholith,,Gneissic Tonalite,,,,,,,,
NW-4B 344-345,NW-4B,NW-4B 344-345,,,344,meters,,,,Kittson,MN,48.78,-96.49,,,,2011,Drill Hole,Cylinder,21.12,1.165,,,,,,U. North Dakota,PEDB,PEDB Routine,,,25,Deg C,,,,,,2.51,,,,,,,,,,,,,Unnamed,,Granodiorite,,,,,,,,
NW-6 356-357.5,NW-6,NW-6 356-357.5,,,356,meters,,,,Roseau,MN,48.72,-96.38,,,,2011,Drill Hole,Cylinder,19.74,1.32,,,,,,U. North Dakota,PEDB,PEDB Routine,,,25,Deg C,,,,,,2.56,,,,,,,,,,,,,Unnamed,,Hornblende Diorite,,,,,,,,
NW-7 397.5-399,NW-7,NW-7 397.5-399,,,397.5,meters,,,,Kittson,MN,48.59,-96.47,,,,2011,Drill Hole,Cylinder,,,,,,,,U. North Dakota,PEDB,PEDB Routine,,,25,Deg C,,,,,,2.64,,,,,,,,,,,,,Unnamed,,Granodiorite,,,,,,,,
NW-7 400.5-401.25,NW-7,NW-7 400.5-401.25,,,400.5,meters,,,,Kittson,MN,48.59,-96.47,,,,2011,Drill Hole,Cylinder,15.55,0.891,,,,,,U. North Dakota,PEDB,PEDB Routine,,,25,Deg C,,,,,,2.56,,,,,,,,,,,,,Unnamed,,Pegmatite in Granodiorite,,,,,,,,
P-11 138-139,P-11,P-11 138-139,,,138,meters,,,,Morrison,MN,46.14,-93.98,,,,2011,Drill Hole,Cylinder,,,,,,,,U. North Dakota,PEDB,PEDB Routine,,,25,Deg C,,,,,,2.35,,,,,,,,,,,,,Unnamed,,Hornblende Biotite Gneiss,,,,,,,,
P-12 231-232,P-12,P-12 231-232,,,231,meters,,,,Morrison,MN,46.14,-93.96,,,,2011,Drill Hole,Cylinder,,,,,,,,U. North Dakota,PEDB,PEDB Routine,,,25,Deg C,,,,,,3.39,,,,,,,,,,,,,Unnamed,,Biotite Gneiss,,,,,,,,
PL-1 389-400,PL-1,PL-1 389-400,,,389,meters,,,,Kittson,MN,48.96,-96.48,,,,2011,Drill Hole,Cylinder,15.54,0.973,,,,,,U. North Dakota,PEDB,PEDB Routine,,,25,Deg C,,,,,,2.31,,,,,,,,,,,,,Roseau River Batholith,,Monzodiorite,,,,,,,,
PL-3 171-173,PL-3,PL-3 171-173,,,171,meters,,,,Marshall,MN,48.21,-95.64,,,,2011,Drill Hole,Cylinder,14.14,0.813,,,,,,U. North Dakota,PEDB,PEDB Routine,,,25,Deg C,,,,,,2.68,,,,,,,,,,,,,Grygla Pluton,,Coarse Grained Hornblende Granite,,,,,,,,
PL-3 173.5-175,PL-3,PL-3 173.5-175,,,173.5,meters,,,,Marshall,MN,48.21,-95.64,,,,2011,Drill Hole,Cylinder,17,0.974,,,,,,U. North Dakota,PEDB,PEDB Routine,,,25,Deg C,,,,,,2.76,,,,,,,,,,,,,Grygla Pluton,,Medium Grained Hornblende Granite,,,,,,,,
PLC-1 93-95,PLC-1,PLC-1 93-95,,,93,meters,,,,St. Louis,MN,48.3,-93.04,,,,2011,Drill Hole,Cylinder,12.1,0.829,,,,,,U. North Dakota,PEDB,PEDB Routine,,,25,Deg C,,,,,,2.74,,,,,,,,,,,,,Vermillion Massif,,Weakly Foliated Granite,,,,,,,,
RL-1 833.5-835,RL-1,RL-1 833.5-835,,,833.5,meters,,,,Crow Wing,MN,46.65,-93.84,,,,2011,Drill Hole,Cylinder,,,,,,,,U. North Dakota,PEDB,PEDB Routine,,,25,Deg C,,,,,,1.75,,,,,,,,,,,,,Unnamed,,Tonalite,,,,,,,,
RP-1,Outcrop,RP-1,,,0,meters,,,,Lake of the Woods,MN,48.9,-95.08,,,,2011,Outcrop,Cylinder,,,,,,,,U. North Dakota,PEDB,PEDB Routine,,,25,Deg C,,,,,,3.09,,,,,,,,,,,,,WG Unit (Day),,Granodiorite,,,,,,,,
RRVD-23 415-418,RRVD-23,RRVD-23 415-418,,,415,meters,,,,Wilkin,MN,46.19,-96.5,,,,2011,Drill Hole,Cylinder,18.95,1.228,,,,,,U. North Dakota,PEDB,PEDB Routine,,,25,Deg C,,,,,,2.47,,,,,,,,,,,,,Unnamed,,Granodiorite,,,,,,,,
RRVD-26 391-394,RRVD-26,RRVD-26 391-394,,,391,meters,,,,Norman,MN,47.38,-96.64,,,,2011,Drill Hole,Cylinder,18.77,1.35,,,,,,U. North Dakota,PEDB,PEDB Routine,,,25,Deg C,,,,,,2.22,,,,,,,,,,,,,Unnamed,,Biotite Granite,,,,,,,,
RRVD-27 218-321,RRVD-27,RRVD-27 218-321,,,218,meters,,,,Polk,MN,48,-96.9,,,,2011,Drill Hole,Cylinder,,,,,,,,U. North Dakota,PEDB,PEDB Routine,,,25,Deg C,,,,,,2.62,,,,,,,,,,,,,Snake River Batholith,,Tonalite-Granodiorite,,,,,,,,
RRVD-30 374-377,RRVD-30,RRVD-30 374-377,,,374,meters,,,,Marshall,MN,48.49,-96.69,,,,2011,Drill Hole,Cylinder,12,0.936,,,,,,U. North Dakota,PEDB,PEDB Routine,,,25,Deg C,,,,,,2.82,,,,,,,,,,,,,Florian Batholith,,Foliate Granodiorite,,,,,,,,
SC1A,Outcrop,SC1A,,,0,meters,,,,Stearns,MN,45.54,-94.25,,,,2011,Outcrop,Cylinder,19.74,1.865,,,,,,U. North Dakota,PEDB,PEDB Routine,,,25,Deg C,,,,,,1.65,,,,,,,,,,,,,Unnamed,,Granitic,,,,,,,,
SC1B,Outcrop,SC1B,,,0,meters,,,,Stearns,MN,45.54,-94.25,,,,2011,Outcrop,Cylinder,,,,,,,,U. North Dakota,PEDB,PEDB Routine,,,25,Deg C,,,,,,2.65,,,,,,,,,,,,,Unnamed,,Granitic,,,,,,,,
SDMIL-A,Outcrop,SDMIL-A,,,0,meters,,,,Grant (SD),MN,45.21,-96.52,,,,2011,Outcrop,Cylinder,,,,,,,,U. North Dakota,PEDB,PEDB Routine,,,25,Deg C,,,,,,2.6,,,,,,,,,,,,,Unnamed,,Granitic,,,,,,,,
SDMIL-B,Outcrop,SDMIL-B,,,0,meters,,,,Grant (SD),MN,45.21,-96.52,,,,2011,Outcrop,Cylinder,,,,,,,,U. North Dakota,PEDB,PEDB Routine,,,25,Deg C,,,,,,2.6,,,,,,,,,,,,,Unnamed,,Granitic,,,,,,,,
SJ-1 155-156,SJ-1,SJ-1 155-156,,,155,meters,,,,Stearns,MN,45.53,-94.28,,,,2011,Drill Hole,Cylinder,,,,,,,,U. North Dakota,PEDB,PEDB Routine,,,25,Deg C,,,,,,1.79,,,,,,,,,,,,,Rockville Granite,,Granite (weathered),,,,,,,,
SK-1 1098-1101,SK-1,SK-1 1098-1101,,,1098,meters,,,,Nobles,MN,43.79,-95.84,,,,2011,Drill Hole,Cylinder,20.28,2.095,,,,,,U. North Dakota,PEDB,PEDB Routine,,,25,Deg C,,,,,,2.47,,,,,,,,,,,,,Unnamed,,Diorite,,,,,,,,
SQ-1 283-288,SQ-1,SQ-1 283-288,,,283,meters,,,,Brown,MN,44.24,-94.61,,,,2011,Drill Hole,Cylinder,15.6,1.634,,,,,,U. North Dakota,PEDB,PEDB Routine,,,25,Deg C,,,,,,2.12,,,,,,,,,,,,,Unnamed,,Weakly Foliated Hornblende Granite,,,,,,,,
SQ-11 677-681,SQ-11,SQ-11 677-681,,,677,meters,,,,Cottonwood,MN,43.92,-95.34,,,,2011,Drill Hole,Cylinder,15.39,2.093,,,,,,U. North Dakota,PEDB,PEDB Routine,,,25,Deg C,,,,,,2.53,,,,,,,,,,,,,Jeffers Block,,Granitic Gneiss,,,,,,,,
SQ-13 220-225,SQ-13,SQ-13 220-225,,,220,meters,,,,Watonwan,MN,44.06,-94.77,,,,2011,Drill Hole,Cylinder,11.16,2.031,,,,,,U. North Dakota,PEDB,PEDB Routine,,,25,Deg C,,,,,,1.69,,,,,,,,,,,,,Unnamed,,Foliated Hornblende Granite,,,,,,,,
SQ-3A 434-439,SQ-3A,SQ-3A 434-439,,,434,meters,,,,Cottonwood,MN,44.11,-94.94,,,,2011,Drill Hole,Cylinder,26.36,2.482,,,,,,U. North Dakota,PEDB,PEDB Routine,,,25,Deg C,,,,,,2.42,,,,,,,,,,,,,Unnamed,,Granitic Gneiss,,,,,,,,
SQ-4 653-658,SQ-4,SQ-4 653-658,,,653,meters,,,,Jackson,MN,43.82,-95.19,,,,2011,Drill Hole,Cylinder,,,,,,,,U. North Dakota,PEDB,PEDB Routine,,,25,Deg C,,,,,,2.51,,,,,,,,,,,,,Jeffers Block,,Granitic Gneiss,,,,,,,,
SQ-7 1097-1102,SQ-7,SQ-7 1097-1102,,,1097,meters,,,,Murray,MN,43.85,-95.99,,,,2011,Drill Hole,Cylinder,,,,,,,,U. North Dakota,PEDB,PEDB Routine,,,25,Deg C,,,,,,,,,,,,,,,,,,,Unnamed,,Granitic Gneiss,,,,,,,,
STAR 2 222-225,STAR 2,STAR 2 222-225,,,222,meters,,,,Marshall,MN,48.28,-95.68,,,,2011,Drill Hole,Cylinder,,,,,,,,U. North Dakota,PEDB,PEDB Routine,,,25,Deg C,,,,,,2.37,,,,,,,,,,,,,Grygla Pluton,,Tonalite-Granodiorite,,,,,,,,
Star-1 567-570.5,Star-1,Star-1 567-570.5,,,567,meters,,,,Marshall,MN,48.28,-95.95,,,,2011,Drill Hole,Cylinder,16.66,1.893,,,,,,U. North Dakota,PEDB,PEDB Routine,,,25,Deg C,,,,,,2.37,,,,,,,,,,,,,,,Foliated Hornblende Monzonite,,,,,,,,
STG-1,Outcrop,STG-1,,,0,meters,,,,St. Louis,MN,47.78,-92.83,,,,2011,Outcrop,Cylinder,19.02,1.47,,,,,,U. North Dakota,PEDB,PEDB Routine,,,25,Deg C,,,,,,3.11,,,,,,,,,,,,,Sturgeon Granite,,Biotite Granite,,,,,,,,
VM-1,Outcrop,VM-1,,,0,meters,,,,St. Louis,MN,47.89,-92.19,,,,2011,Outcrop,Cylinder,13.68,1.169,,,,,,U. North Dakota,PEDB,PEDB Routine,,,25,Deg C,,,,,,2.42,,,,,,,,,,,,,Vermillion Massif,,Fine Grained Diorite,,,,,,,,
VM-10,Outcrop,VM-10,,,0,meters,,,,St. Louis,MN,48.39,-92.92,,,,2011,Outcrop,Cylinder,14.17,1.482,,,,,,U. North Dakota,PEDB,PEDB Routine,,,25,Deg C,,,,,,2.39,,,,,,,,,,,,,Vermillion Massif,,Pink Granite,,,,,,,,
VM-11,Outcrop,VM-11,,,0,meters,,,,St. Louis,MN,48.44,-93.05,,,,2011,Outcrop,Cylinder,23.48,1.761,,,,,,U. North Dakota,PEDB,PEDB Routine,,,25,Deg C,,,,,,2.87,,,,,,,,,,,,,Kenora-Kabatogama Dike Swarm,,Gabbro,,,,,,,,
VM-2,Outcrop,VM-2,,,0,meters,,,,St. Louis,MN,48,-92.83,,,,2011,Outcrop,Cylinder,,,,,,,,U. North Dakota,PEDB,PEDB Routine,,,25,Deg C,,,,,,1.84,,,,,,,,,,,,,Vermillion Massif,,Granitic Migmatite,,,,,,,,
VM-3,Outcrop,VM-3,,,0,meters,,,,St. Louis,MN,48.04,-92.97,,,,2011,Outcrop,Cylinder,,,,,,,,U. North Dakota,PEDB,PEDB Routine,,,25,Deg C,,,,,,2.41,,,,,,,,,,,,,Vermillion Massif,,Lac La Croix Granite,,,,,,,,
VM-4a,Outcrop,VM-4a,,,0,meters,,,,St. Louis,MN,48.24,-92.48,,,,2011,Outcrop,Cylinder,19.22,1.728,,,,,,U. North Dakota,PEDB,PEDB Routine,,,25,Deg C,,,,,,2.41,,,,,,,,,,,,,Vermillion Massif,,Amphibolite,,,,,,,,
VM-4b,Outcrop,VM-4b,,,0,meters,,,,St. Louis,MN,48.24,-92.48,,,,2011,Outcrop,Cylinder,14.82,0.95,,,,,,U. North Dakota,PEDB,PEDB Routine,,,25,Deg C,,,,,,3.23,,,,,,,,,,,,,Vermillion Massif,,Granite,,,,,,,,
VM-5,Outcrop,VM-5,,,0,meters,,,,St. Louis,MN,48.17,-92.52,,,,2011,Outcrop,Cylinder,19.23,1.672,,,,,,U. North Dakota,PEDB,PEDB Routine,,,25,Deg C,,,,,,2.41,,,,,,,,,,,,,Vermillion Massif,,Granite,,,,,,,,
VM-6a,Outcrop,VM-6a,,,0,meters,,,,St. Louis,MN,48.07,-92.67,,,,2011,Outcrop,Cylinder,,,,,,,,U. North Dakota,PEDB,PEDB Routine,,,25,Deg C,,,,,,1.97,,,,,,,,,,,,,Vermillion Massif,,Granite,,,,,,,,
VM-6b,Outcrop,VM-6b,,,0,meters,,,,St. Louis,MN,48.07,-92.67,,,,2011,Outcrop,Cylinder,,,,,,,,U. North Dakota,PEDB,PEDB Routine,,,25,Deg C,,,,,,2.95,,,,,,,,,,,,,Vermillion Massif,,Schist,,,,,,,,
VM-7a,Outcrop,VM-7a,,,0,meters,,,,St. Louis,MN,48.19,-92.89,,,,2011,Outcrop,Cylinder,18.01,1.361,,,,,,U. North Dakota,PEDB,PEDB Routine,,,25,Deg C,,,,,,2.95,,,,,,,,,,,,,Vermillion Massif,,Granite,,,,,,,,
VM-7b,Outcrop,VM-7b,,,0,meters,,,,St. Louis,MN,48.19,-92.89,,,,2011,Outcrop,Cylinder,,,,,,,,U. North Dakota,PEDB,PEDB Routine,,,25,Deg C,,,,,,2.48,,,,,,,,,,,,,Vermillion Massif,,Schist,,,,,,,,
VM-8,Outcrop,VM-8,,,0,meters,,,,St. Louis,MN,48.34,-92.96,,,,2011,Outcrop,Cylinder,,,,,,,,U. North Dakota,PEDB,PEDB Routine,,,25,Deg C,,,,,,3.14,,,,,,,,,,,,,Vermillion Massif,,Granite,,,,,,,,
VM-9,Outcrop,VM-9,,,0,meters,,,,St. Louis,MN,48.4,-92.82,,,,2011,Outcrop,Cylinder,,,,,,,,U. North Dakota,PEDB,PEDB Routine,,,25,Deg C,,,,,,2.5,,,,,,,,,,,,,Vermillion Massif,,Pink Gneissic Granite,,,,,,,,
WMP-1,Outcrop,WMP-1,,,0,meters,,,,St. Louis,MN,47.95,-92.66,,,,2011,Outcrop,Cylinder,,,,,,,,U. North Dakota,PEDB,PEDB Routine,,,25,Deg C,,,,,,2.63,,,,,,,,,,,,,Wakem Up Pluton,,Schistose Diorite,,,,,,,,
YGH-1 540-542,YGH-1,YGH-1 540-542,,,540,meters,,,,Roseau,MN,48.81,-96.34,,,,2011,Drill Hole,Cylinder,,,,,,,,U. North Dakota,PEDB,PEDB Routine,,,25,Deg C,,,,,,2.45,,,,,,,,,,,,,Unnamed,,Diorite,,,,,,,,
YGH-2 591.5-593.5,YGH-2,YGH-2 591.5-593.5,,,591.5,meters,,,,Roseau,MN,48.81,-96.31,,,,2011,Drill Hole,Cylinder,,,,,,,,U. North Dakota,PEDB,PEDB Routine,,,25,Deg C,,,,,,,,,,,,,,,,,,,Unnamed,,Diorite,,,,,,,,
